LOAN_NO,BRANCH_NM,AMOUNT,PHONE,EMAIL,PAN_NUMBER,AADHAR
l-02,HDFC,100000,898377100,abc123,BAXQW123,65487215
l-01,SBI,100001,898377101,abc124,BAXQW124,65487216
l-03,BOI,100002,898377102,abc125,BAXQW125,65487217
l-04,HDFC,100003,898377103,abc126,BAXQW126,65487218
l-05,Axis,100004,898377104,abc127,BAXQW127,65487219
l-03,BOI,100005,898377105,abc128,BAXQW128,65487220
l-02,KOTAK,100006,898377106,abc129,BAXQW129,65487221
l-04,SBI,100007,898377107,abc130,BAXQW130,65487222
l-05,Axis,100008,898377108,abc131,BAXQW131,65487223
l-06,HDFC,100009,898377109,abc132,BAXQW132,65487224
l-04,SBI,100010,898377110,abc133,BAXQW133,65487225
l-03,BOI,100011,898377111,abc134,BAXQW134,65487226
l-05,HDFC,100012,898377112,abc135,BAXQW135,65487227
l-06,Axis,100013,898377113,abc136,BAXQW136,65487228
l-07,HDFC,100014,898377114,abc137,BAXQW137,65487229
l-05,HDFC,100015,898377115,abc138,BAXQW138,65487230
l-04,SBI,100016,898377116,abc139,BAXQW139,65487231
l-06,BOI,100017,898377117,abc140,BAXQW140,65487232
l-07,HDFC,100018,898377118,abc141,BAXQW141,65487233
l-08,Axis,100019,898377119,abc142,BAXQW142,65487234
l-06,HDFC,100020,898377120,abc143,BAXQW143,65487235
l-05,SBI,100021,898377121,abc144,BAXQW144,65487236
l-07,BOI,100022,898377122,abc145,BAXQW145,65487237
l-08,HDFC,100023,898377123,abc146,BAXQW146,65487238
l-09,Axis,100024,898377124,abc147,BAXQW147,65487239
l-07,SBI,100025,898377125,abc148,BAXQW148,65487240
l-03,Axis,100026,898377126,abc149,BAXQW149,65487241
l-02,KOTAK,100027,898377127,abc150,BAXQW150,65487242
l-04,HDFC,100028,898377128,abc151,BAXQW151,65487243
l-05,SBI,100029,898377129,abc152,-,-
l-06,BOI,100030,898377130,abc153,BAXQW124,65487216
l-04,HDFC,100031,898377131,abc154,BAXQW125,65487217
l-03,Axis,100032,898377132,abc155,BAXQW126,65487218
l-05,HDFC,100033,898377133,abc156,BAXQW127,65487219
l-06,SBI,100034,898377134,abc157,BAXQW128,65487220
l-07,BOI,100035,898377135,abc158,BAXQW129,65487221
l-05,HDFC,100036,898377136,abc159,BAXQW130,65487222
l-04,Axis,100037,898377137,abc160,BAXQW131,65487223
l-06,HDFC,100038,898377138,abc161,BAXQW132,65487224
l-07,SBI,100039,898377139,abc162,BAXQW133,65487225
l-08,KOTAK,100040,898377140,abc163,BAXQW134,65487226
